<?xml version="1.0" encoding="UTF-8"?>
<project-private xmlns="http://www.netbeans.org/ns/project-private/1">
    <editor-bookmarks xmlns="http://www.netbeans.org/ns/editor-bookmarks/2" lastBookmarkId="0"/>
    <open-files xmlns="http://www.netbeans.org/ns/projectui-open-files/2">
        <group>
            <file>file:/C:/xampp/htdocs/Connect4_V4/Connect4_HTML.html</file>
            <file>file:/C:/xampp/htdocs/Connect4_V4/Connect4.js</file>
            <file>file:/C:/xampp/htdocs/Connect4_V4/GameOver.html</file>
            <file>file:/C:/xampp/htdocs/Connect4_V4/index.php</file>
        </group>
    </open-files>
</project-private>
